Vortex,Circulation,Core size,5-15m Circulation (model),Delta R,Delta V
0,467,2.41,434.3794930376137,0.29503300113335534,0.36945162947414023
1,115,3.96,96.24969259878914,0.31438610832562325,-0.2951773784230392
2,464,4.71,365.37325877913014,-0.20006713640777796,0.18691987313278152
3,108,3.54,93.3068489297121,0.3394577255333468,0.32742303827265395
4,317,1.78,304.36646204800434,-0.10721512252613469,-0.2877373037118886
5,437,2.28,409.40212822986507,-0.14808820953518406,-0.2763719796343742
6,214,2.15,201.86558171959226,-0.12910059524876025,-0.07875351545521941
7,342,4.01,285.1224715752284,0.06520106387604202,0.1523722334326307
8,412,2.64,378.110055792254,0.16892274341582633,-0.1317378605482422
9,192,2.04,182.121315375284,0.31078980656751887,-0.04961312093815937
10,360,2.74,328.37288957416916,-0.06889776725153712,-0.48526009807336584
11,230,1.07,226.56426097505354,-0.04467175083735173,-0.25505503508724436
12,535,2.15,504.6639542989807,0.27999754875751287,0.620624155040593
13,167,3.69,142.68563837765996,0.10102852324502518,-0.35316615365347565
14,497,1.8,476.7707094827606,0.5737024657566656,0.2964665598805799
15,241,1.25,236.12464738394246,-0.009762248192680827,-0.06285335952902278
16,539,2.63,494.9615532262699,-0.19762600637593367,0.07197023473004634
17,160,2.4,148.90759502192248,-0.11046059265338443,0.13219981716670592
18,220,3.87,185.4168792920019,0.00425897606535562,-0.04420444988453801
19,447,2.65,409.98325904211504,-0.32672650143391263,-0.24277193673823713
20,528,2.02,501.326556331643,-0.2687375696630364,0.15224989589702098
21,592,4.65,468.5261965877261,0.04734827624403918,-0.28688931460416534
22,545,2.61,501.0723125621174,0.21640664981763144,-0.5809898706640102
23,434,2.61,399.0190525724018,0.26448641985462623,-0.23599467394546644
24,155,2.99,139.14105789454834,0.2832803302953068,0.3928956551377809
25,187,2.78,170.14696987852307,0.10105387534008285,0.23999621156341489
26,226,4.08,187.37903136358398,-0.2779191179024744,-0.3131326983587453
27,239,2.09,226.13838445709226,0.23518061485745828,-0.37872578055347816
28,250,1.07,246.2655010598409,0.2149136033664783,-0.029326909267516795
29,202,1.21,198.16400366529842,-0.39208179059514114,0.37159289386972105
30,237,4.75,185.99379452650453,-0.004730925165378319,-0.137483286210133
31,565,4.0,471.4046875923761,-0.4672823688227221,0.30740106951900004
32,107,3.89,90.04120347052094,0.25781306442152224,0.34380871602713353
33,311,4.84,242.20761182379442,0.05204251959115495,0.1851552463108995
34,141,1.23,138.23563887833376,-0.1231077820634972,-0.10570225141215259
35,383,4.63,303.62635575169577,0.05290153957640358,-0.5545011347575239
36,512,4.8,400.1079570837207,0.16751204978032336,0.18367565694066257
37,347,4.6,275.77853613686455,0.049019986007913435,0.21897510523676125
38,323,1.82,309.57627509294554,-0.20408611604475876,-0.4652313273550604
39,194,2.33,181.2540404721863,0.06733087280851846,-0.5779956734982057
40,107,2.19,100.72336910104828,0.08204196975162009,0.20623415358694408
41,398,2.97,357.74798342991136,0.17201673030631506,0.12022736635548105
42,141,4.08,116.9046169126785,-0.027321338351973385,-0.3527780344042314
43,575,3.41,501.47015508353223,0.22256054949087947,0.06355504912534034
44,569,3.47,494.0993275448829,0.45101937656199603,0.0709748379621506
45,522,4.93,403.41387107722426,-0.04013878165865125,0.07380712627183175
46,354,2.73,323.09992724054257,0.45697794282223253,0.06137215949234285
47,175,3.78,148.5089138534123,0.1298996600705591,0.16564712742952672
48,315,4.59,250.55570910990463,0.16758698263165062,-0.01807752694326933
49,536,4.69,422.7815164602315,0.17629348303492104,0.13344750524783155
50,327,4.56,260.7520660232667,0.1035350608325648,0.5388145608672624
51,418,3.43,364.0245079291026,0.3011173398819082,-0.0846305299201602
52,150,2.5,138.80629006551825,-0.015863300033103933,-0.1597604902058065
53,538,4.41,434.35675692651967,-0.029314920532379985,-0.1718118480248755
54,386,4.77,302.4135118081789,0.05333507104645899,0.13659155725392433
55,354,4.7,278.98985601958947,-0.21947486105922687,0.5005717415133151
56,347,2.87,313.9330739191908,0.020696028972597716,0.053993986945999536
57,162,2.22,152.2566421644227,0.3224427922120629,-0.34277751630795184
58,288,4.88,223.52970502363002,0.08314906107013913,0.029114000440061433
59,287,4.86,223.13493493161155,0.04081271473342146,0.2256619313043672
60,115,1.71,110.7519627159289,-0.23066155027308333,0.18279114651530065
61,472,3.02,422.86818989606957,-0.334551285917036,0.13419751450625358
62,524,4.81,409.1372420154027,0.33354850966173544,-0.12883936316434613
63,480,1.13,472.0226658647308,-0.22769712799145833,0.06503006382326208
64,412,2.71,376.501159029961,-0.26362690548244255,0.02378044096359581
65,343,3.27,302.11280704390947,-0.167062701119471,-0.05735768040420184
66,405,2.11,382.8178349809269,-0.35659867017330377,0.058249031731129296
67,443,3.55,382.4506039627982,0.6304217479079505,0.012796914618394164
68,106,1.76,101.86478279987993,-0.12363258092864716,0.1588999024193732
69,415,2.84,376.1722897211292,-0.14554558723043343,0.13608219249313244
70,170,1.5,165.109402379339,-0.46475954983281376,0.3544651335081881
71,400,3.24,353.0541911550264,-0.24385321310384028,-0.026382726968743123
72,429,4.35,348.05878698627816,-0.37029111853329183,0.28912824369524
73,225,3.59,193.67625466991154,0.7482321183889536,-0.08247540903143816
74,102,3.11,90.83378280907138,0.6620582005346581,-0.7455073302120225
75,287,3.48,249.04020049293686,-0.2533006364790945,-0.0678892543489973
76,436,1.21,427.7203247429214,-0.12229607320680932,-0.21385968187757723
77,271,1.84,259.50322138936497,0.03637373823688994,-0.2780236852937011
78,403,2.28,377.54933106781607,-0.27330546054891486,-0.06435477445233598
79,508,2.32,474.8843059171353,0.270012029166127,0.12804052748585046
80,332,3.71,283.23692837418616,-0.3220637476948132,-0.28148445473271166
81,169,2.73,154.24827034929856,0.14895479981998064,0.28716619594182113
82,446,1.71,429.52500322873294,0.13290851161630252,0.2347661836167843
83,188,1.47,182.79738224572347,-0.41321964564685937,-0.08865029606069146
84,392,3.02,351.1956153374136,0.08494464678790777,-0.20347937092370513
85,121,3.31,106.27810282385687,0.12131378722392024,-0.02138341435762704
86,440,2.14,415.26430501801605,0.13197674071320373,0.0834655869262338
87,547,3.54,472.58191078289383,0.21716253248371897,-0.09994428998003513
88,195,3.47,169.33105249780698,-0.05897071244221947,-0.45817636790720423
89,143,3.55,123.45470963133216,0.11758033409739618,-0.06520725379898783
90,449,3.84,379.29148172407906,-0.05187916387516229,0.1313171123282438
91,460,3.66,393.9090107899866,0.07978747824037577,0.03815951961187884
92,341,4.22,279.58899390791754,0.2332285557679231,0.2816594549249442
93,496,4.71,390.5714145570011,-0.5228304742523983,-0.12784473027859525
94,316,4.62,250.72147855951553,-0.25141832925830115,-0.1368820293690822
95,582,2.83,527.8826348980142,-0.22206936306899452,-0.4947399861071431
96,340,4.75,266.82654067093483,-0.04446069680289918,0.18852967488040445
97,537,3.21,474.95969073722046,0.20733680073851452,-0.3563763638269209
98,572,2.48,529.9267315698343,-0.06483505652022857,-0.13517590887795178
99,409,1.8,392.3525556910445,-0.23866354494454797,0.08001637369664753
100,277,1.85,265.1282612029638,0.21723908045028595,0.38991115663419135
101,186,1.65,179.58001924738278,0.27093815291497064,0.21797096911811478
102,538,3.22,475.51582048784246,0.009502296176050844,0.16730347766286954
103,582,1.97,553.9398859742516,-0.0014021161575943194,0.40521168652575723
104,176,4.29,143.49127028852763,0.24543129273203937,0.13164324974783315
105,259,3.63,222.2837144324829,-0.24412636162164914,-0.02162440127848799
106,177,1.81,169.71994697223914,-0.1614823341945757,0.38205872319800793
107,340,3.42,296.3090971398334,-0.21949679236796496,0.23985088443796126
108,441,4.73,346.675911263334,-0.10989950590714997,0.012366127601492114
109,207,1.58,200.42204005915684,0.17983895504881675,-0.3766096059703858
110,494,1.12,485.9312934771332,0.36849803070961673,0.2857869955990385
111,474,4.61,376.39706750541546,-0.1803460229676421,0.26137116569035296
112,288,4.45,231.754831410378,-0.40137585377778623,-0.15249030828413374
113,331,3.86,279.18265246863126,0.23274579009898144,0.00017517268902872052
114,129,3.76,109.63847085892499,-0.09263282376193532,0.024735201120614773
115,336,4.63,266.3667246281195,0.2652976900528548,-0.4064786294474664
116,266,2.67,243.67628098084725,-0.02469490627879299,0.22208561799561824
117,593,1.95,564.9491379936264,0.11679268471634988,0.27676302177647966
118,394,3.67,337.139810500037,-0.1405728566304278,-0.23753292873198426
119,511,2.38,476.10670245905237,-0.4285076100870976,-0.1518690952668871
120,535,4.11,442.52162812384086,0.18700107531904633,0.20177591069020212
121,515,3.25,454.24177393370957,-0.2753374135830481,0.26420071998374806
122,386,2.36,360.04277057750915,0.12377636813034683,-0.31620223148364307
123,456,4.38,369.0594383828918,-0.2606439367302424,0.6988492891264021
124,234,4.25,191.3959138899876,0.009548263235412835,-0.16543455106783053
125,193,1.73,185.7118185852357,0.17301972578191188,0.09827159304677742
126,295,4.51,236.21397721808026,0.20969962736692632,0.2264239484208831
127,203,4.91,157.15283130867448,-0.12283399379361544,-0.4527788313527804
128,228,3.67,195.0961339949453,-0.16410623868039642,0.11319022011302521
129,207,3.61,177.9189614342658,0.06091534059114875,0.05480010694748326
130,325,1.35,317.36778315555216,0.20254002140292907,0.09515386742713527
131,437,4.21,358.5881779463706,-0.22424177062627357,0.4857491670738603
132,104,3.43,90.57069096800637,-0.1552566901710886,-0.013074135791363416
133,346,1.18,339.7429284372657,0.23410963428303613,-0.14914952106858953
134,167,2.82,151.5674247319284,-0.2735724914300403,-0.6760543642881133
135,513,2.66,470.23270845598984,-0.028100333888341444,-0.24612463792514705
136,185,4.5,148.25692091655577,0.30610989522321397,0.36216168075288513
137,503,3.55,434.2497828290915,0.4158186465333667,-0.19396371887662794
138,380,2.64,348.74228446858376,-0.09062311485144833,-0.41536111566068595
139,310,2.9,279.91886389101575,-0.09104402294968647,0.26315476172764096
140,533,3.27,469.46392464840744,0.09471065974971013,0.2488817670056798
141,251,3.29,220.77078000611064,-0.18329167627756388,-0.15017309894728606
142,248,1.17,243.58893854238949,-0.020081057034028724,0.15039577189656608
143,495,4.91,383.20517979208796,-0.1111294032603474,0.032015728363601614
144,209,1.45,203.36659818279134,-0.046432321309991545,-0.07946993798866546
145,100,3.17,88.69019461556354,0.47320768139064856,0.3778620036757508
146,442,1.71,425.67276104730917,-0.26142344028083486,-0.05160371461595252
147,518,4.43,417.5233722307641,-0.21453932847198467,0.4127242269035328
148,262,1.35,255.84725903616817,0.2474023854788166,-0.0035403061043815924
149,560,4.56,446.54788065146585,-0.42224878642719965,0.18262180943314268
150,545,2.88,492.7489688140957,0.012815614711429188,-0.5402431040749225
151,460,2.06,435.89981942461907,-0.3326476149809005,0.04586925618500221
152,436,3.17,386.68924852385703,-0.20456696258487278,0.024738824046960994
153,393,1.07,387.12936766606987,-0.39797238832087545,0.16982970312408763
154,130,3.98,108.63448499178484,0.24982372036333664,-0.15099984085513765
155,282,2.42,262.1539056615361,0.1357484047078265,0.028050054742835454
156,450,1.18,441.86219016407375,-0.05180987717284143,0.26879512739716316
157,558,3.66,477.8287565669837,-0.225132354276725,0.16401364955919842
158,474,1.34,463.0276131319084,-0.7109318846569473,0.11668722957234379
159,191,4.02,159.1102532020142,-0.12216239224797171,0.2730777822093256
160,541,1.02,533.6418522649881,0.5495557985777373,-0.31383023086301404
161,574,4.05,477.0374616993806,0.5415737805172889,-0.2993293047300575
162,180,4.46,144.72745105834738,-0.2608411511396345,0.1646034846489341
163,427,2.79,388.2739134421475,-0.08177808922606644,-0.38770390860964
164,244,1.15,239.80358761280814,-0.19767805555595433,-0.14106821096393937
165,330,3.08,294.4684096958278,-9.10645795222826e-05,0.24112138843020223
166,565,1.53,548.1169634177774,-0.2795006598145648,0.3708368648631409
167,478,3.36,418.3624907645126,0.09357698512913025,0.06919555182135041
168,521,4.11,430.94162290190854,-0.3898949838708264,0.010094543257355742
169,145,1.25,142.06669655880359,-0.13834757704837156,0.750785851010577
170,393,4.8,307.1141154959028,-0.45528895428209704,0.2973742382593904
171,106,3.84,89.54320058519461,0.26957068104789955,0.10322904769710521
172,312,1.14,306.724772459298,-0.13473713415941893,-0.16199954760650076
173,293,2.25,274.93892471584195,-0.1201393328882883,0.0795702666192084
174,370,3.32,324.7540419598637,0.09954255209163573,0.22012294269165933
175,213,2.17,200.71450314153844,0.18162846342371133,-0.1991719082152888
176,285,4.19,234.2372011763129,0.5012762042600787,-0.32341840039194736
177,329,1.83,315.1850858736937,0.12667154420149912,0.08083026235613859
178,357,4.61,283.48893058952183,0.19327192703481397,0.04027427887426692
179,221,3.11,196.80652941965468,0.23505863186775358,0.004079571726665042
180,284,2.69,259.8484448758117,0.4727413068426366,-0.07160367074409803
181,540,1.39,526.582997708195,-0.17817892988640988,0.3761819223417118
182,258,3.55,222.73646912506084,-0.007717664998587765,-0.05962875509174607
183,507,2.04,480.9140984128594,0.2174815816547231,-0.17640426627382214
184,557,1.09,548.3725205219649,0.10678356525730502,0.4118865324993495
185,285,2.72,260.2834541514961,-0.1337975702209871,-0.05560210681677945
186,108,1.01,106.55920543293584,0.40153736011988433,0.418116580213893
187,294,3.98,245.68106605834424,0.12683590515483945,-0.2609341493857095
188,283,1.1,278.53757657670064,-0.405478366158852,-0.21125294511577325
189,413,1.68,398.2480285752698,0.23353339668383227,-0.051103041963235
190,189,3.54,163.2869856269962,-0.1357596211132793,0.08485929498304909
191,219,3.51,189.6204451999074,0.08417841916689707,0.6691272035340254
192,291,2.99,261.22611514395857,0.16253949554774372,0.09785463471378349
193,357,4.27,291.53036813889855,-0.7555147467270316,0.029926804751852113
194,463,4.6,367.9696317906867,0.08095679907482423,-0.01660211778431683
195,564,4.21,462.80030288730666,0.35800967969252473,-0.2628976394778903
196,463,3.45,402.63381292496035,-0.513615128024055,-0.04357171375793993
197,151,1.04,148.86655906400708,-0.35820317023335313,0.48912075922095755
198,577,1.34,563.6433180951714,0.3569084556188235,0.31996360282138653
199,569,4.89,441.24837791441007,0.23705061432911206,-0.31182985503198457
200,258,3.38,225.48994354995688,-0.0015106170744726246,-0.01546978454911079
201,195,3.58,167.97656175656266,-0.0013157421834181177,-0.25366038042670785
202,205,1.45,199.47441448551305,-0.34692561723791265,-0.01451808349753007
203,565,4.98,434.7695602866949,0.14575953410629636,0.1181766267826119
204,458,2.76,417.2444507774964,-0.32623116694460336,0.07959117649154276
205,254,3.34,222.62487500483024,-0.24930627096873748,0.04557358382900942
206,285,1.17,279.93083663137503,-0.11625336770820735,0.2646672556191048
207,517,4.01,431.0184731122605,0.0620487313589234,-0.29342752269757927
208,530,3.69,452.8346607195196,0.02289336907644627,0.17143523560871524
209,304,3.24,268.32118527781995,-0.2671354486647657,-0.3117995099669946
210,142,3.76,120.68730900749881,0.06794772150483103,-0.23313204363588236
211,193,4.91,149.4113125249959,0.1856541670498009,0.19973146159797894
212,204,2.72,186.30815665580766,-0.007933443653096891,-0.15626356902056768
213,306,4.74,240.3472605761404,-0.44545612741350293,-0.2270344370160692
214,529,1.02,521.8050644143784,0.23436291659057928,0.1728607070256187
215,259,3.68,221.45669580892087,0.2172993503171289,0.21872173664115485
216,234,3.85,197.51936495208815,0.110782678287694,0.20091360776692752
217,177,2.65,162.34236431868987,-0.022684996841069158,0.5696624722965449
218,385,2.85,348.7571102962903,-0.45573524776347174,0.3559273758236066
219,467,1.91,445.7495531055462,-0.08285729060436604,-0.46914192543261385
220,209,1.85,200.04262307371638,-0.3188646122597059,-0.25641606266479594
221,372,2.42,345.8200457662817,0.36948217926414184,0.12069431928357739
222,418,3.26,368.42916506465554,0.24614118488820647,0.24821573885456555
223,356,1.65,343.71229490359286,0.14660149888341759,-0.22131014827576934
224,143,4.84,111.36877328232349,-0.14449710924315032,-0.3478930757627201
225,519,3.26,457.4515231305171,0.08272977971131576,0.19867324484127505
226,479,3.82,405.25344527470077,-0.03244602774321689,0.2066843663716865
227,204,4.13,168.46935713065233,-0.07161583475367123,0.023135114658208597
228,231,1.85,221.0997412920023,-0.0012448444769326932,-0.20962217320303286
229,490,3.53,423.6463479680882,0.037537895989994796,0.02033009851059149
230,505,2.63,463.7394886442788,0.12738779569961908,-0.40139465266800084
231,551,4.32,448.1334580472864,-0.07661506092463392,0.14064173649667203
232,242,2.42,224.96895450387143,-0.21805870362465923,0.07534278775327122
233,548,4.43,441.70426251439915,-0.6016839266377176,0.381998759578655
234,550,2.31,514.4274505787947,-0.34691438138971065,-0.1562590420431408
235,196,4.09,162.37721812517592,-0.28610321318414766,-0.4009297971970494
236,183,2.13,172.80073936770674,-0.00868342079626861,-0.17021648134010792
237,194,3.86,163.62971171877481,0.05945162368755987,-0.15755953162095632
238,577,4.71,454.3542463697371,0.23972516174028152,-0.4898677718763598
239,340,2.0,323.139070552533,-0.17613826530610655,-0.03196549269871784
240,560,2.73,511.1185289680899,0.2127331423374901,-0.20535782166066277
241,229,2.08,216.78549105521088,0.007322943148454109,-0.013766524135734568
242,310,2.3,290.10798346143616,-0.3190628754184452,-0.0971806474233295
243,121,4.47,97.2087862541918,0.4663766282640163,-0.32378519609193396
244,151,4.9,116.9972374306154,-0.1528665475983399,0.2167881947116546
245,272,4.43,219.24007190495723,0.03468532400083009,0.07404331493016314
246,539,1.28,527.5824729648537,0.25589755248715795,0.31564090397958566
247,478,3.25,421.606928039443,-0.14293494386478575,0.17765397428298021
248,118,2.34,110.18666549268224,0.025819029953885235,-0.056937892053438084
249,311,4.01,259.27803701723985,-0.13957529535759036,-0.10708713703106218
250,399,4.04,331.86031383222127,-0.30751389573872323,0.3074668336041446
251,538,4.07,446.4141276547256,0.42069608292245464,0.11689234247253219
252,328,4.72,258.0631118511804,-0.2781566036048505,-0.26093655653522196
253,223,4.9,172.78399964918702,0.50015602699927,0.2084484994921205
254,545,4.62,432.41520827511374,-0.3361920310082189,0.3922524099086249
255,584,3.05,522.1671756366788,0.12229938842576049,-0.6520720046825128
256,584,2.49,540.7319969700122,0.05656004285068933,0.356615261089207
257,338,1.23,331.3733754672114,0.06691516428719131,-0.3871713390343368
258,191,4.73,150.14761689636458,-0.40657032308978824,0.5697000163427774
259,314,4.97,241.83259002566234,-0.0498680126105187,0.24294912213678332
260,587,1.75,564.3457277997454,-0.1115519873597269,0.33273625023520853
261,207,2.32,193.50600654497438,-0.11804410287345404,-0.599778987703056
262,474,1.67,457.2601643537746,-0.24923333195711916,-0.018364012384742088
263,317,4.92,245.19559009135264,0.13609865707030805,-0.045096690433549906
264,130,3.62,111.6537956215619,-0.24443884801661903,0.044023143443679816
265,139,1.93,132.55036391945913,0.0826143751009576,-0.14871125189118192
266,339,1.97,322.65570677881664,0.5106425556674303,-0.17888945104819853
267,237,2.34,221.3071162861498,-0.35690082031935266,-0.3290723821971314
268,319,3.76,271.12148995346564,-0.04273918021876252,-0.08045870261116037
269,341,2.12,322.1592640281892,0.2492170393735299,-0.4257193682757741
270,513,4.86,398.8439777697447,0.08888992969336892,-0.04740190810445789
271,352,3.96,294.6077547371632,-0.3861683363858579,0.10234783357537694
272,432,3.8,366.04757082824506,0.08183019720840565,0.06796123371116647
273,326,1.65,314.747775670144,-0.06295139965546882,0.24745165297440605
274,446,2.62,409.80619962392757,0.21226835100470173,-0.14712856728533114
275,482,3.43,419.76031775556805,0.054340217908364755,-0.019400841036614314
276,302,2.68,276.4865445577512,-0.09875989635675922,-0.13705618489729346
277,269,3.96,225.14058529629807,0.5169505562448414,0.21653361044103314
278,116,2.73,105.87455242910434,-0.06796445590400026,-0.04972924149244164
279,496,2.71,453.2635312593705,0.5404121407969451,-0.11818297400458705
280,127,3.72,108.26517398119938,-0.10225055898703991,-0.1442786366778251
281,394,1.81,377.7946842206905,0.28401096627625266,0.12900103344886715
282,102,1.9,97.40400726758168,0.12721330380640802,0.09619229972305057
283,599,2.98,538.0665657796316,-0.39784087326272083,-0.5217281922491543
284,315,2.21,296.21089090422447,-0.03157836808358719,0.07708841988319774
285,369,1.7,355.5201571557085,0.25538581018804196,-0.0607084532181415
286,418,1.47,406.43247754634274,0.09122550194960576,-0.3122955394028637
287,238,1.92,227.0635809367007,0.062075432741049916,0.05330230788731761
288,284,4.56,226.463568044672,-0.18159292454739215,0.2970280748628824
289,592,2.03,561.8175590420382,0.01628628703687494,-0.001255818912622134
290,498,2.88,450.25502104480665,0.18103562979903987,0.09960952500039372
291,341,2.11,322.32316476171866,-0.37929422864128604,-0.42245258027138893
292,507,2.49,469.43685353389765,-0.16686849856976738,0.16655909797894658
293,582,3.12,517.9364401664404,-0.2941390105919054,-0.23170813548251507
294,111,4.82,86.5946176387806,0.33291870972874854,-0.09838967903375097
295,274,2.19,257.9271320905348,0.2529968652711739,0.10569520561793619
296,404,1.61,390.6925094856504,0.2592570797418701,-0.15979613451748503
297,489,3.97,408.9516959630178,0.25819813220094084,-0.04642606490832425
298,419,1.09,412.51002890251937,-0.49295856830695023,-0.09726237890204183
299,521,1.41,507.6934404432769,0.24935562758536026,-0.1419007776004609
300,284,2.61,261.1092417754887,0.06909851710818536,0.1713927044318672
301,585,1.16,574.7675704132726,-0.07102660706867903,-0.15372687958675238
302,329,3.26,289.98372082840103,-0.025269485184876928,-0.2002784872404808
303,216,2.82,196.0393038448894,0.11829983810796031,0.6932193569698045
304,286,2.92,257.91411446268205,-0.11765475461880334,0.2601789708421856
305,277,2.87,250.60363537641462,0.3543647334277399,0.32614071343765777
306,474,4.94,366.00355908526376,0.24267687763848508,-0.36200325153310287
307,485,4.66,383.52100670385823,0.27785188704006736,0.35268082476886253
308,370,1.27,362.2807370909592,0.11041500613916763,0.005848545990586739
309,232,3.94,194.47549209763187,0.05369010857577361,-0.1984540128854067
310,433,3.0,388.4411901393507,-0.07557498612451678,-0.02098041799609681
311,156,1.07,153.66967266134066,0.5792866961980286,0.2411338837652174
312,405,2.62,372.1334323939254,-0.3937309505505581,0.06860903857650888
313,262,1.83,250.99845744348863,-0.3472828441760818,-0.137990292813333
314,185,2.95,166.50749464415446,0.2565114355463765,0.28154075248296406
315,410,4.2,336.70287685449557,-0.6391543817467542,-0.3887319791554935
316,528,2.78,480.4149737746534,0.24161991547012127,0.02003401557122279
317,252,3.8,213.52774964980964,0.030410079883629627,-0.2645842488697863
318,226,4.34,183.50910346163116,0.3289626911648949,-0.20850502387167344
319,249,4.34,202.18480868117763,-0.11627419876496345,-0.06515497013906038
320,388,2.82,352.1446754250792,-0.22481603420259652,0.04985040346015341
321,255,4.38,206.3819227799066,0.16424388140601698,0.5011457140054854
322,494,4.03,411.19779350885153,-0.09506938255930368,-0.06798774451382417
323,268,1.43,260.96686756972065,-0.04321013750089801,-0.6004131003972386
324,439,3.27,386.66916120197163,-0.36184904702093984,-0.18166291373522947
325,202,4.7,159.1976014575058,0.049466160857601554,-0.29728998130908646
326,395,3.09,352.23294272478563,-0.02732232157433354,-0.6260259053521406
327,348,1.3,340.403416513387,-0.12634557608011565,0.12385043314300256
328,344,2.61,316.27316609425395,-0.24674764403483057,0.2941635440076283
329,483,2.3,452.0069548770119,0.41532973709587984,-0.002101584800035502
330,113,4.49,90.63188483600167,0.07972855972157462,-0.015734846061904995
331,375,2.76,341.6302817501336,0.13487745054150674,0.048291327650466856
332,100,4.62,79.3422400504796,-0.0208222437325649,-0.30445006286636855
333,381,4.5,305.3291182119338,-0.03334307343640836,-0.08728144920753447
334,382,1.36,372.9003185342902,-0.5441847742025224,-0.25013144838046475
335,206,3.57,177.58284014978486,0.48853269800450033,0.2585947722006409
336,394,4.45,317.0534846378088,0.19504081205714108,-0.22004709698954897
337,479,4.03,398.71203054805636,-0.32899840133142305,0.005648857170085559
338,148,3.22,130.81104355427635,0.3713298149247225,-0.22022785778666126
339,461,2.04,437.2808666041975,-0.23296802635691682,-0.20266533628490288
340,117,4.65,92.59723817696616,0.06867697643308421,-0.12308108322103152
341,356,3.64,305.3058431396558,0.19528729483178514,0.2662833887690772
342,181,2.39,168.54625080048461,0.18790169997127798,0.2065240912989428
343,183,2.58,168.55099626896538,-0.3917150352218791,-0.30355484172094793
344,220,2.12,207.84468646979948,0.02386240709772471,-0.025915801797465936
345,227,2.34,211.96926327829541,0.0054211839378547596,-0.07268729391207608
346,262,1.91,250.0779077380153,-0.1504806704402656,0.04163829858248803
347,452,2.24,424.3641971042581,0.11324320258697453,0.29271591974882694
348,540,4.94,416.9660799705536,0.37161503353519104,0.003306101426901817
349,215,2.04,203.93793127961493,0.0005635879302887106,-0.017992273167013254
350,563,4.24,460.86658661447325,-0.0911262188337105,0.26148571132745013
351,574,3.44,499.52124250634853,0.040958598886656865,-0.18078954366461086
352,218,1.59,210.98850064568578,-0.40158723218966763,-0.020588228136725187
353,583,1.93,555.9486486693862,0.19313101339773736,0.5080097617068637
354,135,2.66,123.74544959368151,0.2378114517887263,0.12023393948390292
355,503,1.24,492.98204015560276,-0.27433206997024495,-0.09663501541458722
356,128,3.63,109.85449979674834,0.20121436095477396,0.10351573444198278
357,356,3.68,304.3960760925707,-0.10438086221971564,-0.4963117127904467
358,568,4.37,460.0815248415587,-0.2776228621967636,0.15968816485609444
359,350,2.39,325.9181645313239,0.25871200648751563,-0.08987920365503399
360,246,1.74,236.60845525001645,0.22484516423355871,0.06192152783699248
361,417,4.58,331.9649477175988,0.09469233341076692,-0.24287133175972084
362,465,1.22,456.0270736400456,-0.09653839317045103,-0.0828381752992574
363,221,4.8,172.7028486630904,-0.15451969728512321,0.4907113652740821
364,185,4.79,144.69320970059093,0.21316096464058878,0.20361403650660828
365,128,1.11,125.94563965162044,0.2394971645699279,-0.029121761637091882
366,293,4.73,230.33116099808814,-0.34571169621437614,-0.2823803483170962
367,583,4.14,481.07601263400284,-0.4766758285632485,-0.049341886833154755
368,454,2.27,425.5578820718462,-0.0047011726276822265,-0.5804090059874422
369,402,4.21,329.86830099414414,0.03537796578662547,0.22186566447224562
370,340,4.2,279.21701983055726,-0.03664715449212761,0.3211952028359375
371,583,1.65,562.8771571033558,-0.177580768082932,-0.18227688523045008
372,484,1.19,475.1022516093617,0.12046647897384531,-0.020205016049549808
373,564,1.92,538.0834439004168,-0.1270007351341645,0.26791786707233
374,533,2.1,504.06250763901625,-0.3683016163505515,-0.26837358092291297
375,584,2.69,534.3362387587114,-0.056773517289512,-0.0976231987632162
376,122,4.83,95.09499087097606,0.4390186976075067,-0.0400684236946829
377,492,2.77,447.93943789765456,0.09909480872439286,0.07924017460815976
378,360,2.15,339.5869599021178,0.12784350456439986,-0.05455938441372324
379,203,4.34,164.8333982420846,0.3918554837026127,-0.28767021068530285
380,107,2.61,98.37566503513129,0.08000916987250002,-0.11598994620077183
381,295,3.8,249.96304026465813,0.18765463695593573,0.22999975428663685
382,391,4.75,306.85052177157496,0.10122045983563623,0.30339177369420645
383,129,4.8,100.80845012460932,0.4209855787874606,0.16102336260123035
384,492,2.27,461.1772642716925,-0.48687429586237624,-0.07361671783728038
385,368,1.23,360.78521352643133,-0.18585325023235488,0.05158573885137419
386,547,1.38,533.5971649859142,0.3603035303937032,-0.3392935714684314
387,453,3.2,400.94042758059607,0.12956240422690746,-0.0751515566593318
388,506,3.44,440.34450994462065,0.09628598945484167,0.10336444912317976
389,420,2.71,383.8118611470476,-0.4668117451901019,0.08603140493078207
390,313,2.06,296.6013988693603,-0.3577495222282872,-0.0030766237997463994
391,530,2.46,491.58037972054643,0.14747567546384605,0.2847782895121734
392,387,1.63,373.94890980053674,0.21943397818629237,-0.12734013240826775
393,202,2.8,183.5645211214883,-0.3863565082656439,-0.3369423822905429
394,330,1.05,325.24927042692354,-0.05483620915422929,-0.1140295098881385
395,541,1.05,533.211682730199,0.04214963927896998,0.18002720182293397
396,370,4.18,304.34093618531966,-0.7275202287230478,0.32951775030813074
397,234,1.03,230.75589416953935,0.0393502566070104,-0.08827206191246406
398,143,3.26,126.04155646948739,0.014677926515397878,-0.17133607122526096
399,102,1.27,99.871986981832,0.07491123755904698,-0.15437152664541154
400,332,1.06,327.1309207370881,0.09190463894269399,-0.2042614065448196
401,233,4.01,194.25010490359122,0.4121448996256792,0.023448708510300387
402,353,1.36,344.59113204870266,-0.281338965844461,0.06589795582605296
403,171,3.61,146.97653335874134,-0.15750655378579473,0.4735927660660861
404,282,4.28,230.09834782568177,0.784452979213574,0.09642894962602108
405,388,1.29,379.6560878575888,0.04652536335445051,-0.04191714973473003
406,520,1.42,506.53685226764156,0.08502354176481079,-0.13848995717954138
407,163,4.9,126.29503113371068,-0.07388218097534405,-0.021429054821891565
408,528,2.29,494.3876889337377,0.039755230535820155,-0.39563006567982145
409,392,4.72,308.41688977336185,0.2471570436617538,0.43805776266551505
410,565,4.67,446.40678352457155,-0.04939363561577872,-0.15969800032748033
411,138,3.34,120.95367224671881,-0.22426242703238455,-0.011759941612365496
412,153,2.89,138.24250994163066,0.04941856461912823,0.3740470153156936
413,362,3.36,316.83519175053044,0.15371817852837547,-0.14681001832289672
414,153,4.29,124.73957019400413,-0.09467149924928811,0.3083639014512712
415,481,2.54,444.06863691952174,0.3243956394803988,-0.0020905619743466232
416,108,4.97,83.1780882890813,0.10468495182531742,0.28744177520833625
417,274,2.45,254.28311601090735,0.12952568163237776,0.21764496476065956
418,568,2.28,532.1290820012891,-0.1547078276230488,-0.5345168257003828
419,405,3.4,353.46213617225567,-0.39172881968396916,0.53795583189506
420,322,3.82,272.42507177130204,-0.19366681659936374,-0.39160642990398786
421,441,2.68,403.7435965230738,0.38055491580222606,-0.4560912576751297
422,370,2.15,349.01993101050994,0.018844815963868288,-0.10861311042566171
423,503,2.24,472.24599810495977,-0.04240348084099262,0.058308249983978516
424,359,4.68,283.40752703857186,0.182660471049621,-0.17737791892402063
425,386,2.76,351.65143668147084,0.40996076491368594,0.11601928761082059
426,169,4.02,140.7834177546618,0.1068526896129154,-0.3190881338846935
427,242,4.5,193.93608033408916,0.21571594059628926,0.09891193508347938
428,541,4.88,419.8943417284161,-0.20852129601963695,-0.09011427239455444
429,517,2.61,475.329147880027,-0.35929504574096965,0.11715610624807132
430,419,4.29,341.6070582437107,-0.3161238825680274,0.007483798597473257
431,470,4.82,366.6618945065485,0.042282933912442706,-0.17347395080685893
432,232,3.73,197.62679125656447,-0.3684650165989128,0.1319347275331006
433,349,4.21,286.37820160934405,-0.0050595244124018775,0.35258857341717625
434,255,1.78,244.83737483356813,-0.0907743426550479,0.03259133763445492
435,348,1.69,335.42886942504003,0.3314645781514179,-0.28869935814660486
436,419,3.77,355.84275525016176,0.22148847004126165,0.11250951773273271
437,305,2.62,280.24863427196846,-0.042820435464553504,0.20576723797828975
438,440,4.11,363.94302126072887,-0.3309842373439597,0.10064510782523374
439,198,1.86,189.4276317183246,0.03981197983483207,0.0968373574437901
440,130,1.65,125.51291667827829,0.0031444305951284415,-0.31852864315624657
441,120,1.16,117.90104008477388,-0.24436633209960243,-0.04246118068824257
442,460,1.63,444.48707624870013,-0.2884279583202763,0.153266939964583
443,353,3.63,302.9581127207199,0.41353936034013944,-0.060977172001074074
444,363,4.26,296.6695785519172,-0.07096239110282576,0.46817873037015884
445,153,1.49,148.65460956005495,-0.06064794649124662,-0.11289116008084751
446,517,4.51,413.9750041415168,0.002563824647621481,-0.10078828141940623
447,495,3.25,436.60131669356554,-0.12442720473681622,0.07879176943552384
448,526,1.23,515.687560638323,-0.08775264643318095,0.07443311350032751
449,478,2.28,447.81285421939475,0.06176190506209169,0.24826534578288112
450,182,1.24,178.37521134854808,0.3011213218189397,0.11711169034061936
451,207,1.15,203.43992883545604,-0.056254840687355624,-0.10060018983585524
452,440,4.6,349.6903628248427,0.04398160009216553,-0.639615721730136
453,326,3.42,284.10813431642845,0.1949006778070164,-0.06766724610037794
454,434,4.3,353.5497850729498,0.16613499699288903,-0.22283957705347665
455,144,1.47,140.01501618821376,-0.0023079369836457504,0.1378181369057366
456,562,4.92,434.70006823766636,-0.06008339564416716,0.470834029720085
457,538,3.09,479.7501852808472,0.1723714698388293,-0.27079730484411685
458,450,3.52,389.3471450502422,0.09573795585353653,0.3761085493599237
459,328,1.32,320.62507954727397,-0.1695770696947138,0.2540105152962202
460,503,2.16,474.2335011433488,0.09625193692836649,-0.16305062373209414
461,255,1.24,249.92131260373498,0.32638413391478815,0.20877624245386156
462,444,3.01,398.0462048514314,-0.05228226600972666,0.18617015827749495
463,433,2.7,395.93481557651825,0.12560816898625393,0.019993212573320207
464,418,1.16,410.6886229619623,0.1682813529745087,-0.07179249463145505
465,406,1.11,399.4838257699835,-0.3693623487495852,0.15503834145691364
466,285,4.74,223.8528407326798,0.03316189240507252,-0.18656765161959432
467,253,1.5,245.7216400116045,0.40199423880147744,-0.17932544046653598
468,527,3.79,446.88417940022936,0.1111718459641089,-0.3738182609649741
469,300,4.37,243.00080537406265,0.18906313648251105,0.22499809956119743
470,331,2.23,310.92752538873606,0.3459309129958864,0.24052272548863576
471,304,1.47,295.5872563973401,-0.4373354289950159,-0.2671830428678405
472,421,1.27,412.21673058187525,-0.1572491865689073,-0.16392315150047707
473,580,1.13,570.3607212532163,-0.08705080927801731,-0.11728737132661674
474,494,1.56,478.67953596214795,0.05445605962806104,-0.19075834852042461
475,512,1.79,491.3780778978904,-0.40518174840706783,0.19141204138669404
476,413,3.88,347.8102128660554,0.0065229464547433,0.0690240547730388
477,315,1.14,309.67404911756046,-0.05369906821092682,0.40604518050544464
478,123,4.24,100.68666101879253,-0.17512905924989466,-0.09799917758674084
479,141,1.11,138.73699367873812,0.05562458614724414,-0.03539837023681074
480,358,4.49,287.1346439937044,0.37049438360213394,0.0816742923616787
481,488,1.66,470.96143349451756,-0.21912780228691184,-0.11919153524303644
482,388,1.73,373.34811197446345,0.41701698001337256,-0.11990523196057556
483,204,1.33,199.34565504723855,0.00017160573009903103,-0.11079089374412406
484,143,4.02,119.12443040779075,-0.5826799434292707,-0.2765571644818482
485,104,2.08,98.45279943118744,-0.18603068718213478,0.05226720481702428
486,554,3.04,495.6737068437336,0.24477155233873407,-0.2075626116439102
487,404,4.74,317.32121984562326,0.09159720541958619,-0.3801616413330547
488,516,2.64,473.5553125941823,0.15401652390590795,0.07297721416566201
489,428,1.53,415.2107262704579,-0.06716264736192576,-0.061645400914747156
490,105,3.54,90.71499201499789,0.13001715376011655,-0.17407457136166893
491,239,4.3,194.69677104247694,0.025907857949551683,0.20144640569723227
492,348,3.62,298.8886221254118,0.1669961301234414,-0.3140421954145716
493,250,3.05,223.5304690225509,-0.1819944911775762,-0.12438273564359585
494,501,4.25,409.78355922599906,0.297661273498723,0.10345594914495222
495,552,2.33,515.7331460858084,0.007912565279327924,-0.016692902886493634
496,572,2.05,542.301321664019,0.20021311562957195,0.13753380829696105
497,281,1.52,272.7081546689494,-0.3721829979111635,-0.13712720509596296
498,421,2.69,385.1978707490025,0.16740963497280364,0.21970490087079736
499,445,3.47,386.4221454437134,0.20773421225080102,0.22774119318857008
500,262,4.05,217.74183791853255,-0.008118482146156786,0.2753582907795111
501,443,2.78,403.0754420116883,0.030549767309447702,-0.01714164892047052
502,447,4.44,359.9990657897608,-0.11086494300817339,-0.23869903430178485
503,508,1.85,486.2280024949661,0.16824475631040103,-0.22765268309090328
504,454,1.87,434.14516844399543,0.10284004652713652,-0.10894862400413063
505,323,3.94,270.756827360065,-0.4288157298488028,0.004991203844639636
506,563,2.42,523.3781875441307,0.07577772503507613,-0.1527389857625361
507,246,1.31,240.54967479061196,0.12510181308261908,-0.0829999539315957
508,574,3.19,508.3842932220717,-0.292276395479254,-0.3440653376616697
509,209,1.01,206.2117956989222,0.036365604437329314,-0.23479016776215436
510,483,3.31,424.2340798671311,0.45771619594249835,0.12344239483629436
511,432,2.35,403.17264123371467,0.1863538615366785,-0.37658989284104744
512,579,2.42,538.2521680071965,0.005770027068126159,-0.26152272638271834
513,444,3.27,391.07313798103735,0.08767267180968137,-0.2812092165133965
514,253,4.93,195.5243474761259,0.10810243703907388,-0.09609592237335869
515,314,1.57,304.14218042606484,0.3083688855526656,0.20064289342372538
516,159,1.48,154.54222276265043,-0.49617029829287707,-0.6090266492986622
517,137,2.71,125.19577375510839,0.07097769424041576,-0.3556072255511849
518,456,2.91,411.485889589163,0.18727109079755638,0.3603039674828474
519,387,4.93,299.08269752276965,0.10732451484497173,-0.23207600273824952
520,357,4.79,279.21878844924845,0.08346241080719549,0.09912573968420839
521,386,2.09,365.22768368383936,-0.2740334584793593,0.06099496608342786
522,264,3.74,224.71602954749068,-0.1493936505955204,-0.2609969644860919
523,299,1.29,292.57002646757485,-0.2967532698168166,-0.004821445579125919
524,168,4.89,130.28071615047608,-0.428883916060422,-0.1932215827826565
525,495,1.93,472.0318715117431,-0.14645776684134823,-0.1201985436581431
526,284,1.3,277.8004893385113,-0.21408474011883585,-0.2058219693559729
527,481,1.64,464.58880568746997,-0.04188176640144654,-0.32716046831056333
528,408,1.85,390.5138287754845,-0.08091386823755727,-0.021317332919884118
529,136,3.74,115.76280310022248,-0.17431592952077885,0.029839155321997567
530,382,3.71,325.8930922859612,0.277545139410142,0.3577040189261113
531,432,1.8,414.416391341152,-0.325030901417771,0.06769108135382744
532,584,1.27,571.8160823273519,-0.037065676618552514,0.027462731775328052
533,198,2.77,180.2683103734463,-0.09055069742995601,-0.16716919582338044
534,567,3.01,508.3157616008146,0.027983093229914734,-0.0759512492068548
535,297,4.18,244.29529201902687,-0.21686164760001814,0.3924209755642043
536,436,4.16,359.20237639916746,0.13703518754399363,-0.029394182042226897
537,533,3.11,474.65104154152004,-0.0362279679143478,0.12861830872587773
538,572,2.04,542.5697520555336,-0.03575849151481737,0.1176621250240117
539,292,1.44,284.23352919749516,-0.1560476652165015,-0.6384044467346246
540,522,3.12,464.540930870931,-0.4217374058656253,-0.11445438259631457
541,567,1.09,558.2176286103306,-0.09180820771323311,-0.11643022492912318
542,237,1.93,226.00313848137995,0.14105904896270682,0.4854426653313858
543,490,4.74,384.8697963474143,0.07870687683508325,-0.22581698652899362
544,213,4.64,168.7159729305305,0.21629781439017448,-0.16425959285731032
545,451,3.18,399.71897167056284,0.4018405950471949,0.15588050592638436
546,327,3.09,291.59537283798704,0.2011597627551951,-0.012661251116805028
547,536,4.6,425.9864419866266,-0.011691035278665057,-0.10057345184481001
548,249,2.52,230.15070204784297,0.3232790381737465,0.21186756817281055
549,276,3.99,230.45928163352642,0.5249376906009556,0.08317775703539473
550,453,4.21,371.7172645531027,-0.14770412209345327,0.20252133533805905
551,524,3.02,469.45536335919576,0.3006551623367901,0.5627296547273346
552,278,4.93,214.84493517139526,0.0229079499380296,0.9310450986862878
553,105,1.11,103.31478252671988,0.3087886119090476,0.41580951697878815
554,371,4.57,295.59165522725647,-0.0866023171680633,0.08243852074641164
555,515,2.91,464.726388461445,0.34892296826378943,0.6848153357829048
556,217,2.64,199.15019928863865,-0.3003676302814206,-0.11051935915398664
557,449,4.97,345.80520038701394,-0.22846780545645382,0.10098280481002823
558,563,3.07,502.71800521766033,-0.3255546215391599,-0.12466366998932937
559,573,1.86,548.192085730303,-0.0658573026717322,0.25548966996997735
560,512,3.44,445.56598634712617,-0.3338405804910878,0.23556564740407107
561,319,2.64,292.75997038283754,-0.030363068263415446,-0.09821867604530111
562,455,4.15,375.1548202352522,0.5736215138631686,0.31664000781328644
563,326,4.14,269.0064839085504,-0.2159262838545705,-0.21397130592777905
564,555,2.18,522.7164976496258,0.029072045486139134,0.18384058032531495
565,376,1.27,368.1555598545964,-0.3060515097041642,-0.10808791399361566
566,181,1.68,174.53485029569933,0.184353728498918,0.024171878329749496
567,300,1.18,294.5747934427159,0.20782089665870432,-0.21097774179868936
568,360,4.98,277.0213127490445,0.07453637900706322,0.2921544342424653
569,310,3.95,259.6576477431678,-0.23475096026897993,-0.0255086992249858
570,265,4.9,205.3262776100204,0.014703454773730435,-0.14186904101346343
571,394,4.73,309.7285919223437,-0.0668874747077446,-0.304611138939015
572,527,3.1,469.6247490373802,0.3031488303844334,-0.3427529055795209
573,378,1.92,360.6303932524069,0.09240667181891736,-0.18329220515322173
574,206,2.95,185.40834538754493,-0.09615094898773434,0.10475349391302331
575,278,4.06,230.85704481078506,0.08515090901070665,0.038408509175414184
576,267,3.46,232.02092608877328,0.15837686027123915,-0.023118046067923424
577,200,1.62,193.3338893070054,-0.13750108663483412,0.09331798851469868
578,472,4.1,390.72129329497363,-0.35530507754422697,0.04215987541065731
579,347,1.8,332.8761291559717,-0.031016919238145726,-0.02480648638979428
580,293,4.1,242.54520960895607,-0.007700705788599342,-0.2886909500247531
581,143,2.58,131.70924845061228,0.1440857057111707,-0.0869157970324733
582,497,2.84,450.50030841301486,0.11771401418038864,0.14119320414334274
583,336,3.93,281.8728165132113,0.3003906056719575,-0.14960680181697256
584,388,2.6,356.9399333620501,0.35492901469104876,-0.005721574531582892
585,189,1.57,183.06647165772694,-0.16575328597959357,-0.16809123978910223
586,347,2.65,318.2644091445502,-0.03601496341793526,0.506126868014605
587,470,2.57,433.1470888372167,-0.29106088050241796,0.02551940212472264
588,318,4.96,245.12438275344985,0.12051903946698397,0.3354355003885528
589,562,3.12,500.1379370679373,-0.24431875141771156,0.23237205760253207
590,568,3.66,486.39199593198344,-0.11423087833819985,0.10180629685056133
591,513,2.42,476.8969985970498,-0.09215207100715436,0.048742825259052346
592,451,1.01,444.9833486134636,-0.463073840545278,0.09006896694506511
593,121,4.1,100.16372137434703,-0.0002917823414582332,0.04456977814633348
594,226,2.27,211.84158887276925,0.09622195079783533,-0.13319108138695526
595,553,2.71,505.3522838436127,0.05208920516201583,-0.16210485842029454
596,363,4.81,283.4290436099068,0.3017219466080672,-0.5078870799909095
597,398,4.8,311.02141976429857,0.22915657561361755,-0.6827548636788338
598,565,3.8,478.74277203231134,0.04720638009596364,0.282437038352177
599,239,2.7,218.54138781244305,-0.012439367718903433,0.6043172385934693
600,283,2.61,260.1898430368426,-0.3209850933018446,0.2901515533401955
601,221,1.95,210.54596879695004,0.036191665024261646,-0.023558954606414467
602,124,3.47,107.67718210116956,-0.29534232540612637,-0.32739320337339745
603,553,2.12,522.4459618990869,0.6022560583475928,-0.1421839948277273
604,267,2.22,250.9415028265484,-0.15167471351772413,-0.07255122669577795
605,195,3.53,168.59395480362699,-0.34097033477335964,-0.3648415180637241
606,512,3.45,445.2451667766301,-0.14295987553310752,0.16948431088091193
607,150,2.25,140.7537157248338,-0.15721052879464753,-0.156758679199112
608,197,4.92,152.37707018295418,0.18218455500046493,-0.006797737736224251
609,463,4.85,360.2779449742527,0.5322778316504704,-0.2283362127243385
610,427,2.04,405.03021700649094,0.2844833528165043,-0.1940052779827668
611,376,3.47,326.50500379064323,0.5000003908105173,0.022566782669841322
612,493,2.84,446.87455140365466,0.08140880292358804,-0.15545018301583807
613,391,3.44,340.26621222993424,-0.05567075217112605,0.061918820653715
614,204,2.43,189.53586783296382,0.3355497092896377,0.12260862726293767
615,131,3.57,112.92889349330976,0.08724379322869376,0.13014921774320337
616,552,1.39,538.2848421017103,0.5397107597603826,-0.023475887335227274
617,293,4.12,242.16064386896346,0.08335730125297723,-0.18666096742650853
618,597,1.29,584.1615578633518,-0.22399917661832164,-0.6998356766268294
619,133,1.71,128.08705253233515,0.1754094005749992,0.10658487816629314
620,227,1.84,217.3698570309441,-0.09782140561094765,-0.3568499064476391
621,355,1.76,341.1509235278998,0.41184452205019156,-0.22871459537857797
622,326,1.81,312.59154075112974,-0.1131196451144533,0.1205157794369448
623,469,4.37,379.891259068118,0.3746367448011086,0.044381514612023956
624,400,3.21,353.78747913386997,0.04530647340646696,0.039806207420711524
625,294,4.73,231.117274175556,-0.07639733312044941,0.24637078769498744
626,543,3.18,481.2580967120081,-0.05382489758729819,0.24406996499951622
627,349,4.76,273.65764218189,-0.0027784887950479593,0.10971170577015503
628,401,3.64,343.89787387360104,-0.020089144292438015,0.40458728564363805
629,383,2.49,354.6238952731416,0.10372914946991814,0.1950434015397324
630,401,4.16,330.36732324785817,0.04987739794467245,-0.1810573196224832
631,175,4.35,141.98202266340016,-0.2509889180139227,0.18108907929694626
632,385,1.63,372.01635729510764,-0.6505148266106693,0.07750311649207128
633,563,2.62,517.3114134266172,-0.16207696622794396,-0.13461600588611766
634,520,2.38,484.4921434025582,-0.31305147444395376,-0.02214240316182539
635,598,2.34,558.4036098696946,-0.043276629347595616,-0.06359781735575296
636,193,1.2,189.39364071560024,0.15137416055500302,0.2843564250858729
637,503,1.3,492.0198807650394,-0.36829057401414567,-0.14127659938676917
638,193,1.92,184.13139126379508,0.008542532977531422,0.1554021255739017
639,583,1.01,575.2223774759409,0.3136384176000875,-0.27685877886286725
640,192,1.57,185.972288668167,0.015198176212149537,-0.1090199123448559
641,145,4.4,117.16243752244846,-0.09677300246296631,0.300765563390855
642,321,4.5,257.245792509267,-0.4067356604446106,-0.3747594281948718
643,404,4.07,335.2254787593106,-0.2471308420223232,-0.4510038402411237
644,458,3.21,405.0866636082811,0.3316589509616863,-0.1799129279561385
645,126,4.64,99.8038149729899,-0.16022002076133635,0.01401956454002267
646,338,4.75,265.25697278463514,-0.2736596764303114,0.06932474747513338
647,181,2.98,162.58772688833608,0.5828700351023901,0.40796452808278794
648,531,3.57,457.7499423278435,0.37942947588435166,0.08296883898022755
649,220,4.03,183.12452342499458,-0.3092197183702257,-0.07813193518327335
650,334,4.09,276.70403496841203,0.1867911702469086,-0.15428768135563542
651,362,4.75,284.0917874202305,-0.328065976816194,0.06000960358411003
652,291,3.36,254.69348287128278,0.05367535783790735,-0.5265141783683107
653,110,4.06,91.34631269491494,-0.1358879305574827,0.7130218374906491
654,109,2.99,97.84758264842432,0.0834733031058132,-0.1174238888247876
655,278,4.63,220.38675430540837,0.2514463090943281,-0.09369779176195321
656,379,2.93,341.5596825808854,-0.0056141671283039506,0.16538825969153567
657,525,4.12,433.9055905501905,-0.3430380187302518,0.14267459303330576
658,273,1.14,268.3841759018858,0.02452490117201637,-0.41187348568066773
659,360,1.66,347.4305656926769,-0.4546512430265193,0.03323347638461391
660,364,4.49,291.94695646287266,-0.00962273191554092,-0.1173610129586123
661,496,3.01,444.66422884304063,0.19705093183516456,-0.1259351840427534
662,549,3.89,461.9871093954768,0.3510227803114394,-0.5212522928522898
663,420,3.01,376.53019377838115,0.1116654123779492,-0.05964561378420055
664,514,3.73,437.8455633873884,0.1632685373117337,-0.6335825334894004
665,236,3.91,198.28899964017637,-0.3811328773406976,-0.4557018993603032
666,251,4.01,209.2565507759717,-0.26170321172210614,0.49594280341491126
667,377,3.87,317.7371067867488,0.1990437411595105,0.1967214532571897
668,477,1.7,459.5748372988426,-0.8483412767252322,0.22492855988867014
669,452,2.67,414.0664624185827,0.19624160685214492,0.16800150598843727
670,580,1.85,555.1422075729928,-0.14501129864219922,-0.08171473688506693
671,251,1.77,241.10268681194958,0.005896079617183612,-0.0833458011413328
672,307,3.81,259.9328107342115,-0.10200447374598451,0.21635618906745652
673,245,3.62,210.42446097909738,-0.14216113662425453,0.0893607763774693
674,272,1.76,261.3888766185599,-0.4015114503438125,0.1720376720311044
675,344,3.13,305.92683002346075,0.12686062197409578,0.3041904903764742
676,362,4.24,296.32984787644637,-0.09222367139439946,0.2449435544034454
677,361,4.42,291.21587959822887,0.024338555576806083,-0.08056056630528403
678,136,2.49,125.92388970534532,-0.15232168367263993,0.23396092428052978
679,154,1.46,149.7938375293657,0.31381755945398193,0.1474187328821724
680,292,1.94,278.31953190149113,-0.06387292057175382,0.10734330258065103
681,449,1.33,438.75587802063774,-0.12165511478824745,-0.15844344770154156
682,317,3.99,264.69417491966624,-0.04446430530879384,0.13369120370252155
683,475,3.92,398.78985609497875,0.24291434899601516,0.29387282096387857
684,154,1.41,150.0667751022354,-0.2627148516667315,-0.16833530667680283
685,216,3.8,183.02378541412253,0.20668043646331774,-0.2727241972935955
686,399,3.33,349.9609491418925,-0.11756584126441018,-0.35344545342306044
687,354,3.16,314.17791750555307,0.2733858273158461,-0.4159931178898107
688,447,2.9,403.6249424493034,0.31048422154557825,0.32995148394268725
689,336,4.36,272.38321915612465,-0.2580036993870402,-0.3569622441147157
690,350,1.6,338.60746742752286,-0.09089145926720793,0.12627042644856074
691,536,1.88,512.3231569149709,0.0199961712705394,-0.3314722191962062
692,177,3.04,158.36506518292578,-0.47724366878049396,-0.054683825423907366
693,398,1.64,384.4206749763265,-0.04963480309191103,-0.15818644038532276
694,596,4.73,468.5234537708549,0.16478584496640555,-0.3632002485520383
695,561,2.87,507.5402146071068,-0.09145861187838204,-0.25366727210147566
696,210,1.92,200.35021847355944,0.30528819349397035,0.185467181125908
697,157,2.81,142.58156654593333,0.5798048806592215,-0.05319746635746738
698,394,3.5,341.3919731096258,-0.14265194139525048,-0.16724876332909108
699,179,1.81,171.63768648604977,-0.396828078091473,-0.20531031333347435
700,328,3.57,282.75326004431764,-0.2998377154664139,0.3508605151796647
701,128,1.97,121.82870344450896,0.5145870047358069,0.06333322485793719
702,309,4.25,252.74075808549645,-0.15162375905633094,-0.27659659364512407
703,120,4.89,93.0576543931972,-0.03272297543194951,0.29806068791675366
704,569,1.23,557.8445285232049,0.016753288868568198,-0.1186407370061565
705,548,2.9,494.82431423315046,-0.03661871678513824,-0.2211958456410878
706,384,3.51,332.48516418613895,-0.017913531708865338,0.06457635044992491
707,543,2.79,493.7534777496162,0.017153682207572064,-0.08605055146243681
708,553,4.96,426.26975994546467,-0.15142019374121077,0.42035080592541646
709,368,2.62,338.13605708880124,0.06861861359473038,-0.5176573904355533
710,253,1.29,247.559253164871,-0.17349916504165078,0.07418020200332419
711,106,2.99,95.15452991498144,0.4152263835721525,0.3105838713805848
712,103,4.53,82.33801830620921,-0.027996971427602147,-0.36559282382544267
713,344,4.94,265.6228361293897,0.09489889896459701,0.21361387291313788
714,447,3.33,392.0615144521954,-0.17539875573567235,-0.18760670270703314
715,529,2.73,482.8244675430707,0.3296268634016883,-0.5530691246805983
716,417,1.11,410.30727917754473,0.005290776367030679,-0.017964052582531545
717,471,1.09,463.7045909620207,-0.13350928716805568,0.09147380272835888
718,198,3.85,167.13177034407457,-0.03600758290212273,-0.33237016260250385
719,289,4.73,227.1867082882166,0.13983475800881068,-0.00931993271432154
720,112,1.36,109.33203056502751,0.3148464572788287,-0.35399888467275425
721,122,4.76,95.66255686587562,-0.11988634270463067,0.2673470546123956
722,532,3.99,444.21861532259425,-0.24446762588311008,0.3993110548752695
723,523,2.46,485.0878086676338,0.28414701423798355,0.36142465619778447
724,566,4.24,463.32235883444366,0.5261770146457944,-0.30195953648795365
725,130,4.27,106.15951780968297,0.03693347132950458,-0.01960873989674624
726,424,2.56,390.98488448285894,-0.11737076039298801,-0.08580546014684252
727,582,1.2,571.1248647485976,0.38521932185744273,0.29657330177985824
728,474,2.28,444.0654663179772,0.3421160927623689,0.3601548936495863
729,399,2.62,366.62034450660786,0.09044096844136625,-0.1043501913938985
730,143,1.02,141.05505521976582,0.231470644097153,-0.07296204902081388
731,530,2.47,491.2985536083132,0.14405544111325788,0.5303993229986701
732,160,3.52,138.43454046230835,-0.1178343472531292,0.28780585130379877
733,443,4.94,342.0666174573245,0.4527805536393553,0.05813295335411557
734,427,2.13,403.2017251913157,-0.2001598385619275,0.10773394752583036
735,445,2.43,413.44833914543585,0.24848480718403268,-0.3271890534478503
736,188,4.62,149.16341129490164,-0.08826554964785663,-0.33419770053949854
737,333,3.99,278.05413327523297,-0.08361600037281203,-0.03919518999349839
738,172,4.51,137.7247595983383,0.5412064083638543,0.010867014116321343
739,110,1.36,107.3796728763663,0.05882377990392963,-0.041236125394290286
740,505,2.97,453.9264613871991,-0.11784190636329832,0.025894270103367024
741,543,2.89,490.6253784202971,-0.2471229541148859,-0.0786756788401233
742,124,2.91,111.89528576547414,-0.46187204762255735,0.43338349703936935
743,235,1.85,224.92830824078155,-0.25801650669687426,0.11928575230993622
744,201,2.55,185.45818157381308,-0.3071107573878112,-0.4290110735081945
745,234,3.26,206.24981967734303,0.009769715822893888,0.01033965692335261
746,388,4.41,313.253571909832,0.07737934577328552,-0.12078018277273696
747,347,3.97,290.1968067467632,-0.02878043213687131,0.20732781405728468
748,487,1.19,478.04710027636173,0.3555406500390955,0.05565052443375856
749,316,4.67,249.67175857303468,-0.01325908554226433,-0.41262642034286895
750,530,3.36,463.874728253539,-0.31372022073282296,-0.04286342305282896
751,348,4.33,282.80162837358847,0.2643019517689291,-0.17762264381990725
752,228,3.8,193.19177349268492,-0.7700282576990064,-0.23569866435864453
753,244,3.98,203.89857183073468,0.10737434670060912,0.3530884227321234
754,433,4.65,342.6889241933876,0.060268767643436756,-0.1127176493172669
755,119,1.28,116.47924727795468,0.10636906287454288,-0.17673403496908832
756,390,2.93,351.4730242916762,-0.070826454341119,-0.20213418018845325
757,386,3.68,330.04743081947277,-0.28727679301333253,-0.3485872584476898
758,485,2.45,450.0996761506938,0.012913495897353572,-0.04714676404716179
759,217,4.53,173.46941720822716,0.07763384081143117,-0.17991075105383658
760,243,2.16,229.10286436945074,0.19050069372098297,0.14906511457099933
761,522,4.61,414.5132262401411,0.3923915652167376,-0.09053737922552776
762,591,4.77,463.0217240379112,-0.11269372406168644,0.2542289559506394
763,445,1.55,431.3679335487406,0.18470595074508603,0.03497340222123199
764,494,4.91,382.43102791372013,-0.013919019813200945,-0.05510753471509972
765,100,4.43,80.60296761211663,0.09692473216831135,-0.2073689604122974
766,597,2.6,549.2091242709894,-0.06508105849692557,0.12941025467078945
767,393,3.14,349.26631758397076,-0.09397499200548083,0.1725054819366786
768,219,1.01,216.07838879456443,-0.2050586884323371,0.5385034032748236
769,267,4.7,210.42455242155475,-0.15896154174209046,-0.1873897987504193
770,275,1.33,268.725760480346,-0.07044583801274898,0.5289803737988115
771,143,4.83,111.46380077499654,-0.3064731706674291,-0.03935280924390928
772,211,3.3,185.45813525850292,0.4341226336587393,-0.4971653655158081
773,100,3.21,88.44686978346749,-0.5154370248865332,-0.29745727338420075
774,266,2.32,248.65989246842122,0.4966927605153976,-0.13310157362788624
775,493,2.47,457.00035269603484,-0.21094665996232703,0.08356108210614621
776,483,3.46,419.7232483178931,-0.22788998381880707,0.6476641237336108
777,459,3.62,394.22378607920695,0.1951919303069198,-0.0231016123890543
778,314,1.83,300.8149451803642,-0.01595749384756521,-0.3347690022509782
779,134,4.15,110.48515584950283,0.1489605591931758,-0.0644753062535945
780,305,4.55,243.4115874722094,0.30626877782339806,-0.6206586435509296
781,297,4.52,237.61836546750766,0.0724959168702029,-0.23054697335486998
782,108,1.95,102.8912426700028,-0.011506547742795343,0.001965304899398747
783,532,2.77,484.3572783771386,-0.036021270252105664,0.46613866998618103
784,346,2.63,317.73042192261477,0.025567986509976832,0.3614730097049412
785,175,4.31,142.44478336212455,-0.23509065320341913,0.038609445507527915
786,404,3.04,361.46602448532195,-0.7415965411936842,-0.3920753781692572
787,120,1.7,115.61631127014907,0.20000256411699546,-0.7109804889920222
788,246,2.51,227.5102175505088,-0.3290368085563813,-0.4590806412005669
789,176,2.46,163.2417864732381,0.06358722908758815,-0.909853315982461
790,242,4.4,195.54006814091397,-0.11571859901346467,-0.08163353863840944
791,175,2.63,160.7018029955422,-0.17164720739083383,0.294251353834564
792,225,2.98,202.111815192683,0.13923301092856394,-0.30649329810358844
793,191,2.42,177.55814177784893,-0.16466433930635752,-0.18202322811125726
794,465,2.45,431.53886476303626,0.03851532616834884,0.05938659636532303
795,301,3.98,251.53061525020956,-0.1460561563892796,-0.10494445988457869
796,304,4.0,253.64075226209266,0.3597459935068783,-0.1612095292058564
797,398,4.44,320.5360809492725,0.18447097357678874,0.2864374155036186
798,379,2.72,346.13133025760357,0.203273582172402,-0.33478577569250856
799,392,1.93,373.81109824768333,0.09700179765595622,0.03876052269713241
800,288,2.89,260.22119518424597,0.09620065413902446,0.13764193523405702
801,584,3.43,508.5892646664973,0.34197731125291986,0.45643375444315665
802,593,3.74,504.75986940023483,0.07946931989471295,-0.4541146378420166
803,505,4.9,391.2821516719257,0.3313475678968044,-0.3858748254908876
804,138,4.11,114.14576575904678,0.7388788708022053,-0.25016145328444184
805,214,2.74,195.19943991353387,0.0729989094173155,0.34711328997061464
806,184,4.7,145.0116765751538,0.006840206190219379,0.06428022689379054
807,154,3.06,137.60284610301898,0.036845034839110516,0.2120794879396333
808,291,4.22,238.59354025573026,-0.3525847224624602,0.12230851124284088
809,558,1.59,540.0531346802417,0.2644878987031572,0.4603417693841245
810,385,4.49,308.79005010496144,0.23447781384200958,0.11622065675651043
811,350,3.31,307.4159999037182,0.07346544063058177,-0.40334276635480776
812,316,3.8,267.7570194021423,-0.24877251099150946,-0.03073785589883437
813,298,3.68,254.80345695389352,-0.23039993811093853,0.39932929796001715
814,259,1.03,255.409301666285,0.20357917092764088,0.24179300247795416
815,288,1.96,274.24586210379255,0.17343830362695042,-0.03144121513438307
816,209,3.6,179.77090984346657,0.12997676895336002,0.26764177852557913
817,450,3.36,393.8559013473445,-0.0331905015151215,0.08935793613460132
818,365,4.91,282.5654356042669,-0.23910459700163672,0.14364500182909984
819,407,1.48,395.58921172577817,-0.041120023760327605,0.19369379892631514
820,258,2.76,235.0416338440919,-0.3098381479799433,0.325147809599261
821,118,1.7,113.68937274897993,0.10534362945419769,-0.13581851062378292
822,504,1.96,479.93025868163704,-0.0900911395017406,0.3540334702814869
823,550,1.86,526.1878658842351,0.17913101430472203,-0.2166959275789624
824,164,2.33,153.22506514143583,0.3923242683238533,-0.31613760933689633
825,479,2.37,446.54064878504016,-0.31167039469007174,-0.2779313667089094
826,420,1.78,403.26155854940635,0.2039629317580964,0.034861006271343385
827,395,3.17,350.32626873147603,0.2951868499903667,0.11469823956817508
828,431,1.6,416.970909889321,-0.3407380132003557,0.05672507518135705
829,464,3.23,409.8267596711345,0.23986770079488262,-0.2523903801102805
830,308,4.61,244.57868521448935,0.2575378449961856,-0.2164322450680299
831,180,3.78,152.75202567779547,0.32792437627712423,-0.10325268240215313
832,443,4.36,359.1243038278667,0.04573910324476258,0.5033774435206947
833,533,4.61,423.2481792835157,0.47191441397264305,0.13213699919903096
834,518,2.07,490.6163100096145,-0.27165552139499144,0.18671454089490866
835,130,3.61,111.7365458282829,0.18092155068198937,-0.2422638375617925
836,400,3.45,347.8477865442423,0.24113174473442897,0.4746043713464726
837,368,1.69,354.7063906563642,-0.06078319225075598,0.40373717684374893
838,555,1.08,546.5571026805516,-0.020423885321423786,0.3601526598413784
839,241,3.32,211.5289840873707,-0.11774494797545076,-0.3396083772106995
840,421,1.4,410.3940432110865,-0.3324974955897019,0.01893653076293392
841,260,3.28,228.84692442851164,0.04896813178996792,-0.06765933573099718
842,321,3.32,281.7460742408547,-0.24800235269202944,-0.3182743121978648
843,316,3.68,270.1942697900347,0.3817959669838179,-0.09999290997648658
844,588,3.09,524.3366337270227,-0.3463475778150005,-0.08055560878496985
845,452,4.75,354.7223423037132,-0.47088852872075704,-0.39667231354477894
846,506,3.8,428.75016397937964,-0.0487747646823644,0.0014873587864961905
847,394,1.31,385.27061734756546,0.04480167485625186,-0.3549179060262773
848,175,4.62,138.8489200883393,0.1559728908717542,0.21137455100360908
849,567,3.47,492.36259880131564,0.09698107482774183,-0.15308910506794557
850,253,3.34,221.74839911898442,-0.166393464497341,-0.17093933859026197
851,161,3.52,139.29975634019777,-0.06003939624730977,0.25274398064463405
852,244,3.99,203.73936492239292,-0.1983856269448042,-0.22394527893905278
853,258,2.79,234.60109992523203,-0.04996355444641556,0.44359015093684007
854,150,1.41,146.16893678789165,-0.01319540978170605,0.31129542238766306
855,308,3.88,259.3838875611261,0.18644862801285392,-0.255755549172996
856,288,2.81,261.5508991415847,0.09552824077908134,-0.20221124820463574
857,343,1.58,332.1002886004386,0.1739777775336877,-0.12178502124523194
858,443,4.61,351.7803816559052,-0.10913231954326436,0.19487546241833328
859,185,3.91,155.43841073488403,0.05995325484965003,-0.09910871356313272
860,120,1.79,115.16673700731806,-0.30888515708511477,-0.22440077476388845
861,271,3.83,229.10179899617896,0.052951974052036006,-0.5966329792537002
862,439,2.56,404.81689690560165,-0.13265738346486966,-0.0740264998386234
863,413,4.16,340.25362718544994,0.7172482501382615,0.4094073448881749
864,302,2.78,274.78280696959337,0.42864113456705955,-0.28389205592764327
865,458,1.56,443.7960070256351,0.09655507467065298,-0.16199855574493763
866,127,1.61,122.8167047145485,0.14679386331341843,0.22713847985030514
867,238,4.0,198.57400999466464,-0.05607374938236121,-0.10017880184180893
868,557,2.57,513.3253797496376,0.0366443105424595,-0.08756951240081973
869,297,2.03,281.85779566804956,-0.04298040557718652,0.06903843142879089
870,392,4.7,308.9379196601103,-0.3233952552665505,-0.09508141370739226
871,134,1.54,129.9456084535702,0.45034169955258624,-0.08997979341006955
872,234,2.2,220.15813512816118,0.21455423581584418,-0.10830088250873958
873,360,1.44,350.4248990106105,-0.07531945228074666,0.044384508144495426
874,315,4.4,254.52529530738803,-0.225535431265826,0.032432021325438036
875,129,4.75,101.23712866632525,0.01864436949870791,0.03915203656752726
876,521,3.04,466.1480167248831,-0.03238890514378475,-0.2743633336851027
877,584,3.42,508.95444920489024,0.25008279125854505,-0.27866165560609746
878,527,4.42,425.12678268217894,0.11078059788221004,-0.2720643493687238
879,476,1.37,464.49949566034974,-0.0717043566943063,-0.31604404056334895
880,412,4.94,318.12967582938535,-0.06727314465090256,0.033350454673874735
881,190,3.63,163.06527313579826,0.19240249449567115,0.1569208374642622
882,161,3.34,141.11261762117192,0.45072812973787474,0.08025822122152576
883,527,4.96,406.2281437454971,0.33218646423427783,0.018237282605318626
884,138,1.33,134.8514725319555,0.1251499397685542,0.5505303750499272
885,379,3.77,321.8720864911965,0.11164300477878529,0.06526046171492328
886,433,1.95,412.5176673714001,0.22427687697764992,-0.21203277708778026
887,497,2.39,462.8037936344798,0.21447419043228305,-0.04686837579135507
888,539,4.32,438.3737457123182,-0.47822387285907464,0.18354078244735755
889,367,1.06,361.6176141882871,-0.1828660252690458,-0.0043921950589535476
890,206,4.74,161.8024041787089,-0.4368316087436668,-0.5146507083973323
891,511,1.15,502.21161176288916,0.060299431173704246,0.5789061751551124
892,519,3.38,453.60186318770394,0.08714541421203452,0.17886648710241898
893,148,1.2,145.2345016886468,0.2506132723000899,-0.03631064384636094
894,405,3.32,355.474018902013,-0.4626055136052775,-0.04819775410160079
895,393,4.83,306.33058534666884,-0.035308731698901835,-0.003549879921106975
896,379,1.55,367.3897681235341,0.15388955918710984,-0.08407085165926188
897,582,4.34,472.57654077287316,0.28791167084597813,-0.3980507746321197
898,383,2.14,361.4687018679549,-0.19629075005113766,-0.10487314945167595
899,363,4.53,290.18155966168877,-0.09607750212977857,0.37088914186770205
900,195,2.92,175.8505325881923,0.3903720611212142,0.34176664129435885
901,477,3.27,420.13938472287117,0.18370081517359668,0.06944120182711684
902,293,1.71,282.17673978927974,0.06138767986568162,0.12088252442036389
903,220,4.01,183.41211621798317,-0.09625457724712633,-0.3168800217723588
904,314,4.6,249.55175892500142,-0.2315104857452896,-0.3870039954249087
905,218,3.68,186.3998443488214,0.24596235459052887,0.046028898641911085
906,597,4.57,475.6555745840218,-0.16462201242138016,0.29113200954444673
907,226,3.11,201.2591658318641,0.023595319979810292,-0.16419609576587613
908,588,3.46,510.9674327348265,-0.03540975955718005,-0.195539707767315
909,138,3.35,120.86812233561594,-0.8752725266449729,0.16259703638171388
910,379,2.61,348.452121946867,0.13732552187468916,0.4358541264462813
911,598,2.67,547.8135940847619,0.06946375277546471,0.14571140810367836
912,314,3.12,279.4364986464988,0.0014768476035577358,0.006353065014503684
913,127,1.5,123.34643589515329,0.45590748920136,-0.08113776501084874
914,385,3.65,329.9305881666647,-0.04716945419454044,0.08645616199015022
915,587,2.67,537.736755397584,0.10711266870035022,-0.07125594021443224
916,155,4.24,126.8815646984784,0.40871506845232125,-0.014242228245561234
917,232,4.35,188.2275957594791,-0.27689489584100724,0.1372180618434524
918,146,3.23,128.95410972410696,-0.5152257507604011,0.2434332079958564
919,528,1.91,503.9737988002751,-0.16294677741660912,-0.48981622820216236
920,346,1.57,335.1375618707594,0.33388239393917446,0.0738616512652716
921,467,3.35,409.02473283139585,0.06909456654872019,-0.42713175238836365
922,148,3.26,130.44860389849043,0.06150807798509165,0.6621140538659838
923,228,4.71,179.53685991733118,0.020794866571588914,0.08759592957482727
924,104,2.14,98.15338118607652,0.17487894073569027,-0.10679122430858214
925,479,1.48,465.5705956182991,-0.33266777422121024,-0.027278674252595555
926,485,2.21,456.07073678904396,-0.16757168166140457,0.250178834458276
927,114,2.9,102.93790478572839,-0.31707557808763986,0.08054023552442069
928,116,2.76,105.67763382137466,0.27063184517914707,0.10696302652849571
929,189,4.24,154.71364985814466,0.04341605829171844,0.24025903267596424
930,103,3.74,87.67329940678613,-0.10649631643283955,-0.4037250410278313
931,359,3.92,301.40117544862613,0.2600257185577746,0.021501081517043663
932,415,2.61,381.55047653812613,0.31515519128706926,-0.1188440174926249
933,235,1.82,225.23351283852077,0.21178433860188972,-0.10451138548486598
934,126,1.41,122.78190690182899,0.08682350629903986,0.08669109922278638
935,504,2.62,463.09938253466254,-0.25492962702620703,0.2520586725106338
936,515,1.49,500.3733589766557,0.08666075846715773,0.02431624668018719
937,130,4.07,107.86958474928312,-0.06228242130167426,-0.04325186859831948
938,389,2.87,351.9307370448566,0.029219305061611012,0.18458377556008018
939,394,4.83,307.11005248495553,-0.06395773165542505,0.08815598148654638
940,505,3.25,445.42154531363747,-0.08005989830243121,-0.043023855676895
941,119,2.91,107.38337908138242,-0.00312926623940099,0.24411394036680784
942,496,3.26,437.1791049571031,0.22604535178359664,0.2024897335012867
943,320,2.27,299.95269220923086,0.20266435241842784,-0.18591521967145969
944,541,4.87,420.25378049617774,0.24390840869305913,0.520619265624574
945,320,3.12,284.7760495760497,-0.3236492695402784,0.2405719341525064
946,280,4.95,216.01870297706554,0.2029595367070328,0.2123727264026448
947,168,3.11,149.60858345023522,0.029148232773340645,0.25918971833294346
948,206,1.86,197.08127340391346,-0.0036789669882669124,0.005298163340188477
949,399,2.78,363.04086086380056,-0.0017513682779179954,-0.30563407228277834
950,561,2.0,533.1794664116794,0.008264902185890778,-0.4425126613490613
951,214,3.95,179.24753747431583,-0.0768053094248549,-0.07091290837273644
952,546,2.84,494.91583177767836,0.3978664269180212,0.21258890772676634
953,172,1.82,164.85176258819394,-0.3191167594124097,0.049728757018196505
954,574,2.85,519.9651462599238,-0.389604342055923,0.24537219739690527
955,270,4.56,215.29987102838535,0.004552816859323501,0.14458820721077142
956,297,2.98,266.7875960543415,-0.19997681080393004,0.21059918521993626
957,365,2.65,334.7738021261119,0.02046552792460321,0.6006141432391334
958,133,3.26,117.22746161148129,-0.08701195563272024,-0.024463147180280698
959,546,1.25,534.9545953179777,0.14338511023889974,0.03549598058586664
960,425,1.95,404.89609384028876,-0.08674184298311456,0.18293543699811182
961,284,3.76,241.37461801499762,0.08739038974798335,0.296079823942255
962,436,1.88,416.74047838605827,-0.2095616476258849,-0.1651083101445305
963,353,4.92,273.04114606387225,-0.20018051024422023,-0.22910663029054032
964,259,1.72,249.32633014404973,0.17434612940710748,0.15837774966160134
965,235,1.24,230.31964102697148,0.06977303612238873,0.4163295204309344
966,135,1.38,131.6921705175474,0.16450600387396658,-0.04411271645252402
967,217,3.14,192.8518852817345,-0.4324684702463867,0.05100450421267306
968,589,4.13,486.4139772056581,-0.054985395444562477,0.13148472911697612
969,454,1.23,445.0991492961951,-0.26630651109313513,0.1858012487962843
970,221,1.49,214.7233249200794,0.3535862282556234,0.07196428410583915
971,355,1.03,350.0783864537883,-0.12355390264420019,-0.17194122316738866
972,388,4.68,306.30117128402753,0.35557059130908975,0.09891027867241825
973,267,2.85,241.86532064703766,0.14474644170628562,-0.13868957963061815
974,370,4.86,287.6652471243773,-0.1896218484030991,0.3266808206791531
975,506,1.55,490.49926825991616,-0.14821540862621607,0.24257516524443215
976,499,3.79,423.1408074396859,0.0021841288981549827,-0.22652649869416944
977,352,4.29,286.98254057705526,-0.06933488804154525,-0.030791621323217503
978,543,2.53,501.60192501932926,0.3484459289761055,-0.21086420860549163
979,217,1.74,208.7155885742015,0.35866608944821976,0.3184019026136386
980,122,3.36,106.77871103194673,0.13507473652054358,-0.21820715327301704
981,163,2.72,148.86387026910126,0.28071002620262003,0.6668939616276345
982,416,4.63,329.78737334910033,0.04291243624245499,0.29659935442979535
983,283,1.89,270.3739271784486,-0.2901148169823016,-0.22305978610914962
984,419,2.93,377.6081978928521,0.15321423050050612,-0.0748628959543913
985,355,1.61,343.3065368005096,0.11017314504129597,-0.030665559900221396
986,229,1.87,218.98511800368937,-0.16004183481690964,-0.40475101687109033
987,381,1.53,369.6151558622534,-0.44560058059921603,-0.15821059499792017
988,212,3.87,178.6744473177473,0.6085019298302387,-0.48196570981875575
989,240,4.94,185.31825776469054,-0.028399184857069302,-0.1396558743384626
990,557,1.73,535.9662329117942,0.2632801914269989,0.3417354595529519
991,228,1.99,216.7983520346137,0.15700968586869618,0.10957671890400535
992,298,4.7,234.85586749671648,-0.3650511753213584,-0.024200252869783702
993,218,4.07,180.8889959641824,0.3125236886018642,0.11925544378325499
994,472,3.73,402.06829945301047,-0.11265703434510872,-0.23036274165961382
995,346,3.59,297.83104051461953,0.3594723257755737,-0.20152802959920543
996,593,1.36,578.8740546880474,0.2860553009940824,-0.1568292337788959
997,498,3.11,443.48258665605437,-0.22864526354182496,-0.11356057179465283
998,216,4.63,171.23575154664826,0.09423049896284846,-0.22993796730967925
999,201,2.89,181.61270913900503,0.11800793258122763,0.21212638592011665
